feature,coef,pval
const,6.21748700386117,2.451832175748142e-69
risk,4.088961275217113,1.4290109431382864e-15
reward,2.6505762453250767,1.2998895932825766e-07
