{
  "Validation": {
    "Simple": {
      "MAE": 4.566788951180617,
      "RMSE": 5.9801678307850255,
      "R2": 0.09462973830823607
    },
    "Refined": {
      "MAE": 4.483158449297421,
      "RMSE": 5.916321313942383,
      "R2": 0.11385868530392074
    }
  },
  "Test": {
    "Simple": {
      "MAE": 5.062610476004261,
      "RMSE": 6.889135208409471,
      "R2": -0.014547237497431365
    },
    "Refined": {
      "MAE": 5.02823713231825,
      "RMSE": 6.908258040130178,
      "R2": -0.020187406295380628
    }
  }
}